City_ID,City,Lat,Lng,Max Temp,Humidity,Cloudiness,Wind Speed,Country,Date
0,grytviken,-54.2811,-36.5092,3.09,96,100,0.65,GS,1681873011
1,lycksele,64.5954,18.6735,-3.07,93,98,1.03,SE,1681873012
2,chui,-33.6971,-53.4616,11.18,65,48,5.77,UY,1681873012
3,weno,7.4515,151.8468,27.74,78,100,6.69,FM,1681873012
4,madinat ash shamal,26.1293,51.2009,23.84,47,99,2.76,QA,1681873013
5,constantia,44.1833,28.65,10.39,92,100,4.97,RO,1681872863
6,port-aux-francais,-49.35,70.2167,5.75,78,58,11.42,TF,1681873013
7,bilibino,68.0546,166.4372,-1.84,83,100,1.22,RU,1681873014
8,aban,56.67,96.06,-9.56,62,100,7.08,RU,1681873014
9,guatrache,-37.6678,-63.5302,14.74,49,100,4.5,AR,1681873015
10,avarua,-21.2078,-159.775,23.03,88,100,7.72,CK,1681873015
11,west island,-12.1568,96.8225,27.99,78,100,4.63,CC,1681873015
12,touros,-5.1989,-35.4608,25.76,85,69,2.56,BR,1681872793
13,margaret river,-33.95,115.0667,18.65,42,0,2.37,AU,1681873016
14,georgetown,5.4112,100.3354,31.96,84,20,1.54,MY,1681872977
15,horta,38.5333,-28.6333,15.01,78,86,8.05,PT,1681872471
16,hermanus,-34.4187,19.2345,13.22,75,65,3.56,ZA,1681873017
17,port mathurin,-19.6833,63.4167,26.21,77,3,8.57,MU,1681873017
18,papatowai,-46.5619,169.4708,13.74,71,92,2.84,NZ,1681873018
19,krasnoslobodsk,48.7072,44.5714,5.9,65,0,4.0,RU,1681873018
20,turbat,26.0023,63.044,26.36,37,100,1.42,PK,1681873019
21,vernon,50.2581,-119.2691,6.34,63,100,3.09,CA,1681873007
22,adamstown,-25.066,-130.1015,24.93,71,67,7.82,PN,1681873019
23,luderitz,-26.6481,15.1594,18.6,54,3,0.44,NA,1681873020
24,port saint john's,-31.6229,29.5448,19.36,55,0,2.31,ZA,1681873020
25,kodiak,57.79,-152.4072,5.73,39,0,3.6,US,1681873020
26,west end,26.6833,-78.9667,23.99,58,0,6.14,BS,1681873021
27,waitangi,-43.9535,-176.5597,17.12,87,100,2.68,NZ,1681873021
28,mitu,1.1983,-70.1733,22.7,96,40,1.06,CO,1681873022
29,yellowknife,62.456,-114.3525,5.29,42,20,5.14,CA,1681873022
30,liuduzhai,27.3661,110.935,22.13,90,92,1.75,CN,1681873022
31,kovdor,67.5662,30.4758,-0.01,95,100,4.81,RU,1681873023
32,pendleton,45.6721,-118.7886,8.21,56,13,1.79,US,1681873023
33,hawaiian paradise park,19.5933,-154.9731,26.73,90,40,5.66,US,1681873024
34,la'ie,21.6477,-157.9253,24.14,76,100,4.39,US,1681873024
35,talnakh,69.4865,88.3972,-19.33,84,13,2.62,RU,1681873025
36,vorgashor,67.5833,63.95,-13.67,99,98,2.9,RU,1681873025
37,blackmans bay,-43.0167,147.3167,13.62,59,70,5.7,AU,1681873026
38,zhanaozen,43.3,52.8,7.46,30,86,9.4,KZ,1681873026
39,otra banda,18.6502,-68.6628,25.36,87,0,1.95,DO,1681873026
40,edinburgh of the seven seas,-37.0676,-12.3116,15.63,63,95,5.87,SH,1681873027
41,ghanzi,-21.5667,21.7833,16.66,39,1,3.55,BW,1681873027
42,port elizabeth,-33.918,25.5701,19.16,97,40,2.57,ZA,1681873028
43,fort saskatchewan,53.7168,-113.2187,11.43,32,83,1.03,CA,1681873017
44,afaahiti,-17.75,-149.2833,28.93,79,66,6.62,PF,1681873028
45,mokshan,53.4365,44.6132,6.22,58,100,2.0,RU,1681873029
46,buala,-8.145,159.5921,28.99,66,72,0.72,SB,1681873029
47,lazaro cardenas,17.9583,-102.2,24.61,81,24,2.52,MX,1681872768
48,salalah,17.0151,54.0924,25.5,73,1,1.19,OM,1681873030
49,bikenibeu village,1.3673,173.1241,30.98,70,20,3.09,KI,1681873030
50,klaksvik,62.2266,-6.589,7.51,88,40,6.7,FO,1681873031
51,ribeira grande,38.5167,-28.7,15.43,80,92,6.26,PT,1681873031
52,mostaganem,35.9311,0.0892,15.73,69,96,3.97,DZ,1681873031
53,atafu village,-8.5421,-172.5159,28.24,70,100,1.29,TK,1681873032
54,yaren,-0.5472,166.916,28.64,75,76,3.83,NR,1681873032
55,nar'yan-mar,67.6713,53.087,-8.02,99,99,3.5,RU,1681873032
56,olonkinbyen,70.9221,-8.7187,1.26,91,72,4.94,SJ,1681873033
57,ilulissat,69.2167,-51.1,-10.84,97,100,2.88,GL,1681873033
58,port alfred,-33.5906,26.891,19.76,84,34,4.14,ZA,1681873034
59,colares,38.7992,-9.4469,18.75,42,97,3.58,PT,1681873034
60,zouerate,22.7187,-12.4521,19.11,54,0,5.23,MR,1681873034
61,tralee,52.2704,-9.7026,5.73,88,2,3.21,IE,1681873034
62,inarajan village,13.2736,144.7484,30.55,76,31,9.75,GU,1681873035
63,alindao,5.0267,21.2088,21.27,93,99,1.64,CF,1681873036
64,albany,42.6001,-73.9662,5.65,78,85,1.79,US,1681872700
65,tiksi,71.6872,128.8694,-13.76,92,100,2.68,RU,1681873036
66,margate,51.3813,1.3862,9.94,82,84,2.24,GB,1681872920
67,badger,64.8,-147.5333,-0.27,52,75,4.63,US,1681873037
68,whitehorse,60.7161,-135.0538,3.43,90,100,2.24,CA,1681872834
69,arraial do cabo,-22.9661,-42.0278,23.89,90,100,6.85,BR,1681873038
70,contamana,-7.3333,-75.0167,24.01,85,100,1.09,PE,1681873038
71,klyuchi,52.2667,79.1667,-5.8,61,5,4.27,RU,1681873038
72,barra de santo antonio,-9.4047,-35.5072,25.6,90,93,3.22,BR,1681873039
73,iqaluit,63.7506,-68.5145,-16.15,85,75,2.57,CA,1681873039
74,fort bragg,35.139,-79.006,19.34,51,0,3.09,US,1681873040
75,qui nhon,13.7667,109.2333,30.82,61,52,5.26,VN,1681873030
76,mount gambier,-37.8333,140.7667,15.65,52,63,4.55,AU,1681873040
77,nacala,-14.5428,40.6728,21.04,88,21,3.94,MZ,1681873041
78,coquimbo,-29.9533,-71.3436,13.85,82,0,0.0,CL,1681873041
79,ust-nera,64.5667,143.2,-4.38,82,98,2.12,RU,1681873042
80,cave creek,33.8333,-111.9508,24.66,17,100,1.34,US,1681873043
81,puerto natales,-51.7236,-72.4875,8.23,94,94,2.77,CL,1681873043
82,castillos,-34.1667,-53.8333,11.33,64,81,5.47,UY,1681873044
83,sisimiut,66.9395,-53.6735,-7.57,88,100,3.17,GL,1681873044
84,stornoway,58.2093,-6.3865,7.98,87,15,0.51,GB,1681873044
85,puttalam,8.0362,79.8283,29.78,70,31,3.19,LK,1681873045
86,alamos,27.0167,-108.9333,21.4,32,100,0.59,MX,1681873045
87,ceeldheer,3.8488,47.1806,27.85,77,90,3.46,SO,1681873046
88,college,64.8569,-147.8028,-0.23,53,75,4.63,US,1681873046
89,vadso,70.0744,29.7487,3.49,87,75,2.06,NO,1681873046
90,saint-philippe,-21.3585,55.7679,23.77,81,24,5.56,RE,1681873047
91,san patricio,28.017,-97.5169,24.35,84,100,7.28,US,1681873047
92,inhambane,-23.865,35.3833,20.83,77,58,1.75,MZ,1681873047
93,kismayo,-0.3582,42.5454,26.19,85,100,3.31,SO,1681873048
94,longyearbyen,78.2186,15.6401,-0.09,86,75,9.26,SJ,1681873048
95,thinadhoo,0.5333,72.9333,28.53,70,70,1.6,MV,1681873048
96,phongsali,21.6833,102.1058,31.13,16,0,2.79,LA,1681873049
97,lodja,-3.4833,23.4333,20.58,100,100,0.7,CD,1681873049
98,saipan,15.1355,145.701,31.39,100,40,8.75,MP,1681873049
99,nishinoomote,30.7333,131.0,23.31,83,75,5.14,JP,1681873050
100,la manga del mar menor,37.6413,-0.7165,17.0,77,40,5.14,ES,1681873050
101,mantua,45.1667,10.7833,14.58,84,93,1.3,IT,1681873050
102,wailua homesteads,22.0669,-159.378,21.53,91,100,11.32,US,1681873051
103,new norfolk,-42.7826,147.0587,14.28,61,72,3.13,AU,1681873051
104,mount isa,-20.7333,139.5,25.87,50,100,1.54,AU,1681873052
105,dudinka,69.4058,86.1778,-19.1,90,22,1.44,RU,1681873052
106,muisne,0.6,-80.0333,26.05,86,100,0.48,EC,1681873052
107,fada,9.5667,8.3,23.39,67,48,1.33,NG,1681873053
108,cabo san lucas,22.8909,-109.9124,23.67,73,48,6.84,MX,1681872943
109,northam,51.0333,-4.2167,8.55,82,7,6.16,GB,1681873053
110,serenje,-13.2325,30.2352,15.43,94,99,3.32,ZM,1681873053
111,san luis de la loma,17.2706,-100.8939,26.14,76,32,2.49,MX,1681873054
112,burao,9.5221,45.5336,21.51,47,28,3.67,SO,1681873055
113,arkhangel'sk,64.5401,40.5433,-3.94,100,0,1.0,RU,1681872859
114,slave lake,55.2834,-114.769,8.99,49,100,2.57,CA,1681873055
115,puerto ayora,-0.7393,-90.3518,24.75,100,100,0.33,EC,1681873023
116,bredasdorp,-34.5322,20.0403,13.91,88,64,1.66,ZA,1681873056
117,juruti,-2.1522,-56.0922,23.51,97,100,1.15,BR,1681872794
118,toliara,-23.35,43.6667,23.5,70,4,3.17,MG,1681873057
119,santiago del torno,-17.9833,-63.3833,20.1,98,100,2.15,BO,1681873058
120,polyarnyy,69.1989,33.4478,1.71,97,100,9.05,RU,1681873058
121,tazovsky,67.4667,78.7,-11.41,94,100,4.06,RU,1681873058
122,invercargill,-46.4,168.35,14.87,61,21,1.07,NZ,1681873059
123,aasiaat,68.7098,-52.8699,-10.23,92,100,2.49,GL,1681873059
124,lensk,60.7253,114.9278,0.9,60,99,1.15,RU,1681873059
125,kingston,17.997,-76.7936,27.53,85,75,4.12,JM,1681872954
126,nadi,-17.8,177.4167,30.0,74,40,6.17,FJ,1681873060
127,nova sintra,14.8667,-24.7167,20.44,78,100,6.91,CV,1681873060
128,dwarka,22.2394,68.9678,27.94,66,91,6.15,IN,1681873061
129,lebu,-37.6167,-73.65,13.12,89,99,1.57,CL,1681873056
130,nema,57.5067,50.5011,5.97,83,98,3.6,RU,1681873061
131,bethel,41.3712,-73.414,8.37,58,11,0.89,US,1681873061
132,cururupu,-1.8283,-44.8683,23.31,97,100,0.99,BR,1681873062
133,melfi,40.9965,15.6514,7.5,90,96,1.35,IT,1681873062
134,galesong,-5.3166,119.3661,32.01,71,60,1.34,ID,1681873063
135,labytnangi,66.6572,66.4183,-7.47,87,15,3.33,RU,1681873063
136,haiku-pauwela,20.9219,-156.3051,25.28,64,20,7.72,US,1681873064
137,peniche,39.3558,-9.3811,14.5,93,100,3.03,PT,1681873064
138,chonchi,-42.6128,-73.8092,12.29,99,100,1.0,CL,1681873065
139,dawson creek,55.7666,-120.2362,8.8,23,0,7.2,CA,1681873065
140,zhumysker,49.3333,49.4,8.36,40,100,4.84,KZ,1681873065
141,kayangel,8.0823,134.7173,28.35,76,68,4.46,PW,1681873065
142,villa gesell,-37.2639,-56.973,9.47,65,76,7.3,AR,1681873066
143,ushuaia,-54.8,-68.3,4.81,81,100,1.54,AR,1681873066
144,pastos bons,-6.6017,-44.0767,22.52,94,100,1.64,BR,1681873066
145,sitka,57.0531,-135.33,8.94,46,0,1.54,US,1681872987
146,igrim,63.1906,64.4162,-4.39,83,47,3.47,RU,1681873067
147,armacao de buzios,-22.7469,-41.8817,26.03,93,100,5.52,BR,1681873068
148,sarmasu,46.75,24.1667,8.78,88,99,1.52,RO,1681873068
149,nikol'sk,53.7189,46.0712,6.72,60,86,1.58,RU,1681873068
150,argo,37.6333,22.7333,12.66,77,79,2.07,GR,1681873069
151,sudova vyshnya,49.7889,23.3722,5.46,86,100,1.81,UA,1681873069
152,ad dabbah,18.05,30.95,24.6,10,0,4.02,SD,1681873069
153,terrace,54.5163,-128.6035,5.95,81,100,3.09,CA,1681872807
154,cartagena,10.3997,-75.5144,26.79,78,20,6.69,CO,1681873070
155,palikir - national government center,6.9248,158.1611,28.41,74,100,4.63,FM,1681873070
156,burutu,5.3509,5.5076,26.34,87,99,1.93,NG,1681873070
157,tinogasta,-28.0632,-67.5649,16.41,50,0,1.06,AR,1681873071
158,xilin hot,43.9667,116.0333,22.27,17,99,10.43,CN,1681873071
159,rouyn-noranda,48.2398,-79.0288,-2.95,86,100,5.14,CA,1681872785
160,vilyuysk,63.7553,121.6247,-1.43,86,100,2.11,RU,1681873072
161,letterkenny,54.95,-7.7333,3.7,84,0,2.12,IE,1681873072
162,begoro,6.3871,-0.3774,22.3,95,100,0.78,GH,1681873072
163,vilyuchinsk,52.9306,158.4028,5.15,97,90,2.62,RU,1681873072
164,makokou,0.5738,12.8642,20.85,98,95,1.18,GA,1681873073
165,ormara,25.2088,64.6357,26.84,55,88,1.85,PK,1681873073
166,kerikeri,-35.2268,173.9474,20.51,96,83,1.34,NZ,1681873073
167,buzuluk,52.7807,52.2635,8.13,61,100,2.47,RU,1681873074
168,saldanha,-33.0117,17.9442,11.03,82,42,2.75,ZA,1681873074
169,ouadda,8.0777,22.4007,20.8,78,75,1.59,CF,1681873074
170,jamestown,42.097,-79.2353,2.62,95,100,2.57,US,1681873028
171,boca suno,-0.7167,-77.1333,23.46,93,99,0.83,EC,1681873075
172,flying fish cove,-10.4217,105.6791,27.33,79,61,6.26,CX,1681873075
173,plastun,44.7561,136.2939,9.23,67,96,2.15,RU,1681873076
174,guardo,42.7897,-4.8482,5.49,74,27,1.16,ES,1681873076
175,port lincoln,-34.7333,135.8667,16.56,50,70,5.0,AU,1681873076
176,puerto aysen,-45.4,-72.7,10.46,99,100,2.02,CL,1681873077
177,hadibu,12.65,54.0333,27.02,73,1,3.32,YE,1681873077
178,tommot,58.9564,126.2925,-1.48,64,79,3.65,RU,1681873077
179,mana,5.6592,-53.7767,24.42,88,93,1.49,GF,1681873078
180,ketchikan,55.3422,-131.6461,11.26,37,0,3.09,US,1681873078
181,arteche,12.2645,125.4048,29.41,74,43,3.09,PH,1681873079
182,augusta,48.3667,10.8833,7.75,90,100,3.09,DE,1681873079
183,aleksandrovsk-sakhalinskiy,50.8975,142.1561,6.13,61,100,7.39,RU,1681873080
184,opuwo,-18.0607,13.84,20.87,53,61,1.94,NA,1681873080
185,danghara,38.0958,69.34,10.12,80,100,0.51,TJ,1681873080
186,amasra,41.7463,32.3863,10.99,94,58,2.36,TR,1681873081
187,uturoa,-16.7333,-151.4333,28.25,75,82,6.92,PF,1681873081
188,kidal,18.4411,1.4078,26.13,8,36,4.28,ML,1681873081
189,turan,16.0678,108.2208,35.99,46,20,1.03,VN,1681873082
190,vung tau,10.346,107.0843,28.96,68,21,3.03,VN,1681873082
191,sault ste. marie,46.5168,-84.3333,-0.84,74,75,5.66,CA,1681873082
192,mitsamiouli,-11.3847,43.2844,27.6,75,54,2.65,KM,1681873083
193,white river,-25.3318,31.0117,11.82,73,0,1.72,ZA,1681873083
194,siwa oasis,29.2041,25.5195,20.56,54,95,7.01,EG,1681873083
195,geraldton,-28.7667,114.6,27.23,32,0,10.29,AU,1681873084
196,kirundo,-2.5833,30.1667,14.25,97,19,0.85,BI,1681873084
197,al mijlad,11.0333,27.7333,26.67,12,88,2.96,SD,1681873084
198,princeville,45.7668,-61.2985,4.62,98,100,3.09,CA,1681873085
199,redwood falls,44.5394,-95.1169,10.97,43,0,6.69,US,1681873086
200,cestos city,5.46,-9.5828,26.48,85,95,1.92,LR,1681873086
201,isafjordur,66.0755,-23.124,7.02,96,100,1.4,IS,1681873087
202,menongue,-14.6585,17.691,18.34,78,100,1.58,AO,1681873087
203,as sulayyil,20.4607,45.5779,20.14,61,32,5.78,SA,1681873087
204,neryungri,56.6709,124.6491,-3.9,65,37,1.81,RU,1681873088
205,saudarkrokur,65.7461,-19.6394,8.36,78,100,5.9,IS,1681873034
206,mount pearl,47.5166,-52.7813,-1.63,93,100,6.17,CA,1681873088
207,santa ana de yacuma,-13.75,-65.4333,25.19,83,58,1.86,BO,1681873088
208,lompoc,34.6391,-120.4579,12.23,70,40,9.77,US,1681873068
209,berezovyy,51.6667,135.7,12.5,41,53,3.41,RU,1681873089
210,nicoya,10.1483,-85.452,26.47,65,100,2.23,CR,1681872872
211,anadyr,64.75,177.4833,0.28,80,40,9.0,RU,1681873090
212,belmonte,-15.8631,-38.8828,26.1,89,17,4.33,BR,1681873091
213,alappuzha,9.49,76.3264,28.87,74,23,1.9,IN,1681872884
214,pudozh,61.8099,36.5345,-1.63,95,86,1.95,RU,1681873092
215,tolanaro,-25.0319,46.9987,23.04,94,75,3.09,MG,1681873092
216,ola,59.5833,151.2833,5.08,78,100,7.49,RU,1681873093
217,utrik,11.2278,169.8474,26.27,80,100,8.76,MH,1681873093
218,san antonio de pale,-1.4014,5.6325,28.33,78,82,4.93,GQ,1681873093
219,st. john's,47.5649,-52.7093,-1.17,93,100,6.17,CA,1681872934
220,nabire,-3.3667,135.4833,30.63,62,57,2.41,ID,1681873094
221,fale old settlement,-9.3852,-171.2468,28.38,70,96,1.82,TK,1681873094
222,kas,36.2018,29.6377,15.5,62,0,3.34,TR,1681873095
223,newman,37.3138,-121.0208,16.13,49,70,2.72,US,1681873095
224,tazacorte,28.629,-17.9293,16.75,81,0,2.57,ES,1681873096
225,saint-pierre,-21.3393,55.4781,24.76,73,20,2.57,RE,1681873096
226,san luis,-33.295,-66.3356,11.33,34,65,1.26,AR,1681873096
227,ta`u,-14.2336,-169.5144,27.16,79,100,6.38,AS,1681873096
228,tulun,54.5611,100.5792,-5.38,61,93,8.06,RU,1681873097
229,al ghayzah,16.2079,52.176,26.57,74,20,2.17,YE,1681873097
230,la passe,45.5549,-0.8967,8.13,88,4,3.42,FR,1681873098
231,jijiga,9.35,42.8,18.07,77,24,2.48,ET,1681873098
232,zhangjiakou,40.81,114.8794,19.41,25,58,2.71,CN,1681872882
233,qamdo,31.1667,97.2333,7.16,34,2,1.93,CN,1681873099
234,beli,7.8587,10.9719,27.32,61,78,1.22,NG,1681873099
235,hargeysa,9.56,44.065,21.71,46,16,4.13,SO,1681873100
236,vanimo,-2.6741,141.3028,28.65,77,70,2.92,PG,1681873100
237,korla,41.7597,86.1469,10.84,47,100,7.68,CN,1681873050
238,grootfontein,-19.5667,18.1167,16.23,53,44,3.12,NA,1681872916
239,howard springs,-12.497,131.047,29.95,46,95,2.95,AU,1681873102
240,lagos,6.5833,3.75,28.18,92,100,1.06,NG,1681872461
241,hithadhoo,-0.6,73.0833,28.72,70,100,2.78,MV,1681873103
242,road town,18.4167,-64.6167,26.05,71,8,7.1,VG,1681873103
243,tabuk,17.4189,121.4443,31.43,59,4,2.67,PH,1681873104
244,airuk,7.2772,168.8203,27.84,77,95,7.64,MH,1681873104
245,udachny,66.4167,112.4,-6.33,81,57,5.04,RU,1681873104
246,lihue,21.9789,-159.3672,21.92,94,100,11.32,US,1681873105
247,gambiran satu,-8.3939,114.1464,30.06,63,41,2.29,ID,1681873106
248,codrington,-38.2667,141.9667,14.65,54,81,7.4,AU,1681873039
249,bamboo flat,11.7,92.7167,32.02,60,75,1.24,IN,1681873106
250,punta arenas,-53.15,-70.9167,9.06,81,40,6.69,CL,1681873107
251,amherst,41.3978,-82.2224,7.49,74,0,4.92,US,1681872911
252,nemuro,43.3236,145.575,4.8,79,100,2.22,JP,1681873107
253,usogorsk,63.4106,48.6872,0.96,85,100,1.0,RU,1681873107
254,beyneu,45.3167,55.2,7.95,43,30,6.41,KZ,1681873108
255,lawas,13.764,121.0566,29.99,65,41,5.74,PH,1681873108
256,bintulu,3.1667,113.0333,26.23,94,20,0.0,MY,1681873108
257,holualoa,19.6228,-155.9522,25.91,75,20,4.63,US,1681873109
258,ixtapa,20.7,-105.2,20.74,75,94,0.97,MX,1681873110
259,ndende,-2.4008,11.3581,23.17,98,92,0.89,GA,1681873110
260,ust'-ilimsk,58.0006,102.6619,-3.71,52,79,5.21,RU,1681873110
261,susuman,62.7833,148.1667,-3.49,71,100,3.03,RU,1681873111
262,key west,24.5557,-81.7826,25.56,65,0,0.0,US,1681872981
263,sinabang,2.4803,96.3801,28.65,73,100,0.67,ID,1681873111
264,letlhakeng,-24.0944,25.0298,16.48,34,0,2.1,BW,1681873111
265,isangel,-19.55,169.2667,31.06,74,75,5.14,VU,1681873112
266,eyl,7.9803,49.8164,26.67,74,21,3.46,SO,1681873112
267,ar rass,25.8694,43.4973,20.05,69,21,0.53,SA,1681873113
268,katsuren-haebaru,26.3369,127.8719,25.01,90,75,6.69,JP,1681873113
269,wabag,-5.4781,143.7021,17.94,87,65,0.99,PG,1681873114
270,dunedin,-45.8742,170.5036,13.78,82,71,1.34,NZ,1681873114
271,lospalos,-8.5186,127.0025,25.7,73,87,4.54,TL,1681873115
272,mermoz boabab,14.7065,-17.4758,20.31,88,0,6.17,SN,1681873115
273,carnarvon,-24.8667,113.6333,28.28,30,17,7.1,AU,1681873116
274,svirsk,53.0858,103.3325,-0.72,47,3,4.53,RU,1681873116
275,chiquinquira,5.6164,-73.8175,10.59,97,100,1.07,CO,1681873116
276,antsiranana,-12.2787,49.2917,25.14,84,26,5.94,MG,1681873117
277,porbandar,21.6422,69.6093,28.22,60,62,5.69,IN,1681873117
278,westport,41.1415,-73.3579,9.04,53,20,3.6,US,1681872964
279,okhotsk,59.3833,143.3,0.51,80,32,5.97,RU,1681873060
280,gadzhiyevo,69.2551,33.3362,1.58,98,100,9.63,RU,1681873117
281,mount pleasant,32.7941,-79.8626,17.78,79,0,0.89,US,1681873021
282,acarau,-2.8856,-40.12,25.13,87,96,2.42,BR,1681873118
283,kumagunnam,13.1551,10.6342,29.77,11,11,2.55,NG,1681873118
284,lusaka,-15.4067,28.2871,14.86,89,51,2.83,ZM,1681873119
285,harstad,68.799,16.5293,6.45,100,100,13.41,NO,1681873119
286,prince rupert,54.3161,-130.3201,4.83,92,100,3.6,CA,1681873119
287,taro,-8.3862,115.28,26.03,59,30,1.88,ID,1681873120
288,colonia,50.9333,6.95,12.2,73,75,1.03,DE,1681872875
289,kemi,65.8596,24.8228,-0.13,80,0,3.6,FI,1681873120
290,kurmuk,10.55,34.2833,24.98,64,8,0.26,SD,1681872855
291,namibe,-15.1961,12.1522,26.32,67,86,1.36,AO,1681873121
292,papao,-17.75,-149.55,29.82,78,95,7.01,PF,1681873121
293,stanley,54.868,-1.6985,6.5,94,5,2.57,GB,1681873013
294,sho'rchi,38.0141,67.7899,10.53,60,34,0.34,UZ,1681873122
295,serafimovskiy,54.4241,53.7964,7.26,54,100,1.57,RU,1681873123
296,leava,-14.3,-178.1667,28.27,74,100,7.99,WF,1681873123
297,redondo,38.6487,-7.5471,13.16,42,80,1.11,PT,1681873123
298,guymon,36.6828,-101.4816,24.0,9,0,5.66,US,1681873124
299,bardai,11.65,7.2333,26.94,47,67,4.74,NG,1681873124
300,pingdingshan,33.7385,113.3012,25.99,53,0,2.78,CN,1681873125
301,tyukhtet,56.5389,89.3011,-6.32,69,100,4.53,RU,1681873125
302,nogliki,51.8333,143.1667,5.38,79,40,4.09,RU,1681873125
303,puerto deseado,-47.7503,-65.8938,9.79,73,95,3.88,AR,1681873125
304,sloviansk,48.8667,37.6167,8.43,69,100,5.22,UA,1681872996
305,happy valley-goose bay,53.3168,-60.3315,6.17,61,100,4.12,CA,1681873126
306,porto novo,6.4965,2.6036,28.9,87,100,1.64,BJ,1681873126
307,corner brook,48.9667,-57.9484,3.09,81,100,6.23,CA,1681873127
308,bayanhongor,46.7167,100.1167,-2.68,11,69,6.88,MN,1681872839
309,fisterra,42.9049,-9.2629,12.08,75,13,2.04,ES,1681873127
310,ghat,24.9647,10.1728,20.27,24,3,0.74,LY,1681873128
311,komsomol'skiy,43.9783,46.6985,9.7,68,100,8.54,RU,1681873128
312,cooper's town,26.8667,-77.5167,23.36,62,92,5.42,BS,1681873128
313,arnage,47.9262,0.1878,8.07,87,0,3.09,FR,1681873128
314,onguday,50.75,86.15,-3.48,65,100,1.8,RU,1681873129
315,tshabong,-26.05,22.45,16.99,30,0,4.05,BW,1681873129
316,khvansar,33.2205,50.315,9.56,44,0,1.78,IR,1681873130
317,ed damer,17.5928,33.9592,24.85,11,12,4.14,SD,1681873130
318,ugoofaaru,5.6667,73.0,28.29,74,21,2.81,MV,1681873130
319,celestun,20.8667,-90.4,24.42,67,0,8.71,MX,1681873131
320,vallenar,-28.5708,-70.7581,17.78,52,0,0.69,CL,1681873131
321,ambatofinandrahana,-20.55,46.8,13.19,93,11,1.86,MG,1681873132
322,bubaque,11.2833,-15.8333,25.51,74,34,5.3,GW,1681873132
323,kibale,0.8,31.0667,14.97,99,43,1.29,UG,1681873132
324,nefta,33.8731,7.8777,18.14,49,2,5.79,TN,1681873133
325,prince george,53.9166,-122.753,5.69,76,20,2.06,CA,1681873133
326,rostovka,55.3842,71.8891,-2.66,31,5,2.28,RU,1681873133
327,cadale,2.7603,46.3222,28.49,74,59,3.63,SO,1681873133
328,karlskrona,56.1616,15.5866,4.25,70,3,7.36,SE,1681873134
329,sawakin,19.1059,37.3321,23.88,37,0,3.27,SD,1681873134
330,jonuta,18.0833,-92.1333,25.23,76,31,3.73,MX,1681872578
331,igarka,67.4667,86.5833,-11.15,89,48,1.87,RU,1681873134
332,nova vicosa,-17.8919,-39.3719,25.8,87,39,5.87,BR,1681873135
333,mymensingh,24.75,90.4,33.19,51,0,3.95,BD,1681873135
334,karratha,-20.7377,116.8463,29.47,24,31,9.99,AU,1681873135
335,sarangani,5.4033,125.4636,28.57,74,21,4.32,PH,1681873136
336,san rafael,-34.6177,-68.3301,15.53,24,81,2.29,AR,1681873136
337,bei'an,24.5399,109.533,27.93,75,46,2.8,CN,1681873136
338,san carlos de bariloche,-41.1456,-71.3082,11.86,62,75,7.72,AR,1681873113
339,buy,58.4786,41.53,3.07,91,34,2.01,RU,1681873137
340,oyama,36.3,139.8,21.99,37,64,1.1,JP,1681873137
341,imbituba,-28.24,-48.6703,21.59,92,26,1.86,BR,1681873138
342,nanao,37.05,136.9667,19.06,68,70,1.36,JP,1681873138
343,saint-pol-de-leon,48.6833,-3.9833,9.81,81,32,1.34,FR,1681873138
344,gobabis,-22.45,18.9667,17.03,41,60,3.24,NA,1681872916
345,coracora,-15.0333,-73.7833,9.06,79,8,1.07,PE,1681873139
346,keflavik,64.0049,-22.5624,9.95,100,100,4.63,IS,1681873139
347,iskateley,67.6803,53.1512,-7.95,99,99,3.5,RU,1681873139
348,thompson,55.7435,-97.8558,-1.91,43,75,3.6,CA,1681873046
349,devgarh,25.5333,73.9,28.3,32,63,4.91,IN,1681873140
350,fortuna,40.5982,-124.1573,7.74,85,100,2.44,US,1681873140
351,jeddah,21.5169,39.2192,27.92,54,0,0.0,SA,1681872995
352,crane,31.3974,-102.3501,23.49,8,0,3.51,US,1681873141
353,kostroma,57.7708,40.9344,3.61,83,25,2.23,RU,1681872912
354,vila franca do campo,37.7167,-25.4333,13.23,78,27,2.22,PT,1681873142
355,petropavlovsk-kamchatsky,53.0452,158.6483,4.33,65,75,8.0,RU,1681873143
356,santiago de cao,-7.9589,-79.2392,25.07,83,80,5.14,PE,1681873143
357,aioun,16.6614,-9.6149,30.47,22,88,5.05,MR,1681873143
358,baracoa,20.3467,-74.4958,24.43,86,95,1.01,CU,1681873144
359,sirjan,29.452,55.6814,14.3,52,0,1.54,IR,1681873144
360,khandyga,62.6667,135.6,-0.95,77,99,2.38,RU,1681873145
361,kudahuvadhoo,2.6708,72.8944,28.43,71,87,0.92,MV,1681873145
362,yuzhno-kurilsk,44.0306,145.8556,6.83,64,97,1.5,RU,1681873146
363,kone,-21.0595,164.8658,26.85,72,65,2.95,NC,1681873147
364,esmeralda,21.8525,-78.1169,23.52,78,0,2.08,CU,1681873147
365,nigde,37.8333,34.75,9.24,47,13,3.99,TR,1681873147
366,talakan,50.3167,130.3667,6.74,30,2,4.04,RU,1681873148
367,saint-paul,-21.0096,55.2707,25.05,92,2,0.67,RE,1681873149
368,mansalay,12.5167,121.4,29.89,66,45,3.49,PH,1681873149
369,saint-francois,46.4154,3.9054,4.26,93,13,2.06,FR,1681873149
370,tura,25.5198,90.2201,31.9,47,0,3.8,IN,1681873078
371,minas de marcona,-15.2119,-75.1103,15.65,83,27,5.0,PE,1681873150
372,walvis bay,-22.9575,14.5053,18.51,73,96,4.16,NA,1681873150
373,east london,-33.0153,27.9116,18.89,82,9,2.24,ZA,1681873151
374,mejit,10.2753,170.8646,26.71,80,99,8.66,MH,1681873151
375,hammerfest,70.6634,23.6821,5.25,100,100,10.8,NO,1681873151
376,suva,-18.1416,178.4415,30.71,66,40,3.6,FJ,1681873151
377,saundatti,15.7833,75.1167,30.61,35,0,1.31,IN,1681873152
378,dryden,49.7833,-92.7503,2.16,30,0,1.03,CA,1681873152
379,solnechnyy,50.7214,136.6319,11.99,34,70,1.95,RU,1681873152
380,san andres,12.5847,-81.7006,27.01,74,20,3.6,CO,1681873153
381,enewetak,11.3474,162.3373,26.95,75,97,9.48,MH,1681873153
382,lau,9.2167,11.2833,28.36,52,69,2.08,NG,1681873154
383,tarfaya,27.9358,-12.9218,18.2,84,22,5.28,MA,1681873154
384,songea,-10.6833,35.65,17.64,94,40,0.0,TZ,1681873154
385,danjiangkou,32.5428,111.5086,27.18,47,48,2.57,CN,1681873155
386,dongning,44.0622,131.1207,16.04,22,96,2.24,CN,1681873156
387,mocajuba,-2.5842,-49.5072,23.18,99,100,1.22,BR,1681873156
388,taroa,8.7058,171.2275,27.49,79,50,7.99,MH,1681873157
389,mont-laurier,46.5501,-75.4993,2.79,97,96,3.51,CA,1681873157
390,lamu,-2.2717,40.902,25.12,85,100,4.52,KE,1681873157
391,queenstown,-31.8976,26.8753,14.94,37,1,2.61,ZA,1681873158
392,urzhar,47.093,81.6294,2.25,41,0,1.72,KZ,1681873158
393,at taraf,25.3628,49.725,21.3,37,100,1.15,SA,1681873158
394,farasan,16.7022,42.1183,28.63,72,4,2.3,SA,1681873159
395,rabo de peixe,37.8,-25.5833,12.73,76,20,2.06,PT,1681873026
396,jindabyne,-36.4167,148.6333,18.12,40,37,1.18,AU,1681873160
397,al muwayh,22.4333,41.7583,18.59,78,0,5.37,SA,1681873160
398,maloyaroslavets,55.0146,36.4719,5.1,88,61,3.12,RU,1681873160
399,macusani,-14.0833,-70.4333,3.82,81,100,1.12,PE,1681873161
400,donaghadee,54.6333,-5.5333,7.96,82,0,1.34,GB,1681873161
401,madimba,-10.4,40.3333,24.62,94,20,4.76,TZ,1681873161
402,lewistown,40.5992,-77.5714,6.77,79,100,3.09,US,1681873161
403,mili,6.0815,171.735,27.72,79,82,7.37,MH,1681873162
404,agadez,19.75,10.25,26.04,11,85,5.06,NE,1681873162
405,el granada,37.5027,-122.4694,11.94,67,0,8.23,US,1681873162
406,tofol,5.3248,163.0078,28.88,70,75,4.12,FM,1681873163
407,baturaja,-4.1333,104.1667,30.64,64,43,1.3,ID,1681873163
408,maua,-23.6678,-46.4614,19.89,95,100,2.74,BR,1681873163
409,semera,11.501,41.201,24.77,68,35,4.68,ET,1681873164
410,pyapon,16.2833,95.6833,32.86,50,7,3.14,MM,1681873164
411,callao,-12.0667,-77.15,24.29,73,0,5.66,PE,1681873164
412,de pere,44.4489,-88.0604,6.51,64,0,2.57,US,1681873165
413,juye,35.3947,116.0883,25.3,34,0,3.4,CN,1681873165
414,mocimboa,-11.3167,40.35,22.59,95,77,4.02,MZ,1681873166
415,kapa'a,22.0752,-159.319,22.28,90,100,11.32,US,1681873024
416,howrah,22.5892,88.3103,32.0,79,40,3.09,IN,1681873167
417,pandan,14.0453,124.1694,29.98,68,24,1.74,PH,1681873167
418,zamora,-4.0692,-78.9567,20.49,97,100,1.87,EC,1681873168
419,zhangjiakou shi xuanhua qu,40.6103,115.0447,20.96,24,49,2.98,CN,1681873168
420,robertsport,6.7533,-11.3686,27.08,77,97,0.91,LR,1681873168
421,ulverstone,-41.15,146.1667,15.96,51,49,6.92,AU,1681873169
422,mil'kovo,55.6078,37.7956,8.22,79,16,3.6,RU,1681873169
423,severoural'sk,60.1533,59.952,-2.03,73,22,1.27,RU,1681873169
424,las tablas,7.7667,-80.2833,24.54,99,81,5.76,PA,1681873169
425,mar del plata,-38.0023,-57.5575,12.27,88,75,5.66,AR,1681873095
426,sarakhs,36.5449,61.1577,11.12,19,2,1.24,IR,1681873170
427,jawhar,2.7809,45.5005,25.94,82,60,1.03,SO,1681873171
428,trinidad,-14.8333,-64.9,23.62,93,100,1.55,BO,1681873171
429,puerto baquerizo moreno,-0.9,-89.6,26.35,78,96,1.43,EC,1681873171
430,mugia,43.1041,-9.2179,12.17,77,1,3.71,ES,1681873172
431,clifton,40.8584,-74.1638,8.6,56,0,6.69,US,1681873172
432,dickinson,29.4608,-95.0513,22.29,85,20,3.6,US,1681873080
433,mahriz,31.5917,54.4318,13.28,27,7,0.78,IR,1681873173
434,xiva,41.3783,60.3639,4.99,20,6,6.72,UZ,1681873173
435,sharqpur sharif,31.4633,74.1,24.07,55,100,6.55,PK,1681873173
436,hilo,19.7297,-155.09,26.85,81,40,5.66,US,1681872900
437,dhuusamarreeb,5.535,46.3861,25.68,75,98,3.02,SO,1681873174
438,ancud,-41.8697,-73.8203,12.41,95,100,1.81,CL,1681873174
439,antsohihy,-14.8796,47.9875,22.65,90,42,1.54,MG,1681873174
440,daru,-9.0763,143.2092,27.12,78,100,2.11,PG,1681873175
441,ribeira brava,32.65,-17.0667,18.35,74,10,2.82,PT,1681873175
442,paracuru,-3.41,-39.0306,25.62,88,100,1.41,BR,1681873175
443,madang,-5.2246,145.7966,29.33,70,72,2.82,PG,1681873176
444,chos malal,-37.3781,-70.2709,10.03,57,93,4.15,AR,1681873176
445,i-n-salah,27.1935,2.4607,25.96,10,46,4.58,DZ,1681873176
446,nagqu,31.5,92.0,6.8,28,100,4.21,CN,1681873177
447,eydhafushi,5.1033,73.0708,28.61,69,44,2.18,MV,1681873177
448,coahuayana de hidalgo,18.7,-103.6583,22.43,80,33,0.32,MX,1681873177
449,sur,22.5667,59.5289,27.13,62,62,1.36,OM,1681873178
450,baiao,-2.7906,-49.6717,22.99,99,100,1.18,BR,1681873178
451,ust-tsilma,65.441,52.1498,0.01,89,100,1.92,RU,1681873178
452,broken hill,-31.95,141.4333,19.09,50,12,8.52,AU,1681873179
453,aykhal,66.0,111.5,-5.83,91,100,5.22,RU,1681873179
454,yarim,14.298,44.3779,12.9,70,13,0.78,YE,1681873179
455,sovetskaya gavan',48.9723,140.2878,9.95,38,100,3.71,RU,1681873179
456,cannonvale,-20.2833,148.7,25.66,62,1,6.82,AU,1681873180
457,santarem,-2.4431,-54.7083,24.07,100,75,1.03,BR,1681873180
458,sambava,-14.2667,50.1667,23.85,89,21,3.36,MG,1681873180
459,mata-utu,-13.2816,-176.1745,28.66,73,99,5.62,WF,1681873181
460,raduzhny,62.0961,77.475,-8.17,84,100,4.78,RU,1681873181
461,palu,-0.8917,119.8707,31.49,66,100,1.4,ID,1681873181
462,zheleznodorozhnyy,55.7503,38.0042,8.23,76,18,3.29,RU,1681873182
463,urangan,-25.3,152.9,26.22,67,20,7.87,AU,1681873182
464,poli,-3.3333,36.8,16.15,100,75,0.0,TZ,1681873182
465,ouddorp,51.8117,3.9347,10.55,77,19,8.25,NL,1681873183
466,taulaga,-11.0553,-171.0883,28.53,72,100,3.85,AS,1681873183
467,tindouf,27.6711,-8.1474,17.4,66,0,5.44,DZ,1681873184
468,warrnambool,-38.3833,142.4833,15.18,58,66,8.02,AU,1681873056
469,koysinceq,36.0821,44.6278,16.43,51,2,1.26,IQ,1681873184
470,hasaki,35.7333,140.8333,24.56,67,54,4.12,JP,1681873185
471,sao vicente,-23.9631,-46.3919,24.1,26,100,2.79,BR,1681873185
472,linhares,-19.3911,-40.0722,23.86,94,47,2.4,BR,1681873185
473,cockburn town,21.4612,-71.1419,25.6,77,79,7.21,TC,1681873186
474,alvarado,18.7667,-95.7667,25.43,84,8,5.42,MX,1681873186
475,gryazovets,58.88,40.2525,2.36,95,54,2.31,RU,1681873187
476,floro,61.5996,5.0328,6.09,81,52,3.6,NO,1681873187
477,turpan,42.9333,89.1667,15.75,14,100,1.42,CN,1681873187
478,uvinza,-5.1036,30.3911,17.64,97,82,1.05,TZ,1681873188
479,kuanda,56.3161,116.0806,-2.64,73,100,1.32,RU,1681873188
480,banyo,6.75,11.8167,20.41,80,99,0.52,CM,1681873189
481,baruun-urt,46.6806,113.2792,12.03,30,100,8.65,MN,1681873189
482,qaqortoq,60.7167,-46.0333,-0.65,92,48,0.89,GL,1681873190
483,rio grande,-32.035,-52.0986,13.72,53,33,6.19,BR,1681873190
484,usinsk,65.9939,57.5281,-3.67,95,98,4.67,RU,1681873191
485,jayapura,-2.5333,140.7,31.66,69,100,3.37,ID,1681873191
486,bangassou,4.7413,22.8184,20.52,98,99,1.07,CF,1681873192
487,alice,27.7523,-98.0697,23.69,83,100,5.66,US,1681873192
488,laojunmiao,39.8333,97.7333,4.68,23,98,1.9,CN,1681873193
489,dalnerechensk,45.9339,133.7225,10.52,59,99,5.23,RU,1681873193
490,bafq,31.6128,55.4107,17.45,26,0,0.92,IR,1681873193
491,aripuana,-9.1667,-60.6333,22.96,99,100,0.83,BR,1681873194
492,saint-louis,16.3333,-15.0,25.12,38,93,5.65,SN,1681873194
493,daoukro,7.0591,-3.9631,23.6,97,95,1.01,CI,1681873194
494,chibougamau,49.9168,-74.3659,-0.21,93,20,2.06,CA,1681873195
495,yulinshi,38.2906,109.7494,24.9,36,15,10.87,CN,1681873195
496,goundam,16.4145,-3.6708,27.33,12,42,4.01,ML,1681873054
497,luwuk,-0.9516,122.7875,28.62,81,78,1.14,ID,1681873196
498,egilsstadir,65.2653,-14.3948,7.95,76,40,5.14,IS,1681873196
499,kanniyakumari,8.0833,77.5667,29.3,74,11,3.09,IN,1681873197
500,besisahar,28.2313,84.3761,31.63,17,0,2.57,NP,1681873197
501,menaka,15.9182,2.4022,28.1,7,7,4.24,ML,1681873197
502,hotan,37.0997,79.9269,17.34,21,87,3.23,CN,1681873198
503,lisala,2.15,21.5167,20.52,94,100,0.47,CD,1681873198
504,naberera,-4.2,36.9333,16.3,92,100,2.64,TZ,1681873198
505,sorong,-0.8833,131.25,28.94,69,15,2.3,ID,1681873199
506,north bay,46.3168,-79.4663,1.73,91,100,5.14,CA,1681873146
507,brezina,33.0989,1.2608,17.45,26,38,3.77,DZ,1681873199
508,macherla,16.4833,79.4333,33.89,22,30,1.3,IN,1681873199
509,gourdon,44.75,1.5,5.13,86,6,1.85,FR,1681873200
510,sebastopol,44.6,33.5333,11.11,62,100,0.45,UA,1681873200
511,port augusta,-32.5,137.7667,18.97,47,11,8.54,AU,1681873201
512,belozersk,60.0326,37.7957,-2.04,98,62,4.4,RU,1681873203
513,pemangkat,1.1667,108.9667,28.75,71,14,2.11,ID,1681873205
514,inskoy,54.4297,86.44,-7.95,76,52,2.3,RU,1681873208
515,barra dos coqueiros,-10.9089,-37.0386,27.01,83,20,2.57,BR,1681873043
516,novoshakhtinsk,47.7604,39.9334,7.57,77,75,5.33,RU,1681873214
517,taoudenni,22.6783,-3.9836,28.7,19,10,2.97,ML,1681873214
518,korsun-shevchenkivskyi,49.4189,31.2587,6.48,92,91,3.27,UA,1681873221
519,lerwick,60.1545,-1.1494,7.0,83,96,1.84,GB,1681873226
520,phan thiet,10.9333,108.1,31.13,54,7,3.2,VN,1681873032
521,melilla,35.2937,-2.9383,17.21,77,100,5.14,ES,1681873232
522,balabac,7.9868,117.0645,30.67,65,25,4.18,PH,1681873232
523,kashary,49.04,41.0056,6.87,57,100,6.56,RU,1681873233
524,estacion coahuila,32.1939,-115.0017,22.72,15,0,4.07,MX,1681873233
525,shahrud,36.4182,54.9763,13.07,39,0,1.49,IR,1681873233
526,tonj,7.2737,28.6822,26.23,62,86,1.74,SS,1681873234
527,san felipe,10.3399,-68.7425,20.62,97,51,0.79,VE,1681873235
528,island harbour,50.724,-1.2758,9.96,88,74,2.68,GB,1681873235
529,kaya,13.0917,-1.0844,27.64,9,15,3.82,BF,1681873236
530,orito,0.6766,-76.8771,24.33,95,100,1.12,CO,1681873236
531,nahiyat ash shinafiyah,31.5874,44.6602,23.26,26,0,2.47,IQ,1681873236
532,gbadolite,4.2833,21.0167,21.37,91,100,0.97,CD,1681873236
533,waingapu,-9.6567,120.2641,27.75,74,37,7.57,ID,1681873237
534,galveston,29.3669,-94.9669,22.22,84,100,5.21,US,1681873237
535,tongliao,43.6125,122.2653,24.7,15,100,7.08,CN,1681873238
536,lokoja,7.8024,6.743,26.55,83,93,0.77,NG,1681873222
537,petrolina,-9.3986,-40.5008,26.03,73,0,1.03,BR,1681872950
538,mogadishu,2.0371,45.3438,27.29,72,46,1.92,SO,1681873239
539,yeppoon,-23.1333,150.7333,27.88,36,0,3.18,AU,1681873239
540,totness,5.8833,-56.3167,24.92,84,89,3.26,SR,1681873070
541,la almunia de dona godina,41.4767,-1.3745,10.23,89,83,1.2,ES,1681873240
542,kyshtovka,56.555,76.6271,-4.84,59,86,4.53,RU,1681873240
543,ribeirao da ilha,-27.6993,-48.5322,21.65,94,100,2.06,BR,1681873139
544,kununurra,-15.7667,128.7333,29.99,37,4,6.69,AU,1681873242
545,konarka,19.9,86.1167,31.22,45,68,4.38,IN,1681873243
546,itamaraca,-7.7478,-34.8256,26.03,92,100,0.95,BR,1681873243
547,kinablangan,7.6947,126.5503,29.54,66,17,2.74,PH,1681873243
548,ishim,56.1128,69.4902,-0.67,50,2,1.79,RU,1681873244
549,asosa,10.0667,34.5333,19.96,58,8,0.82,ET,1681873245
550,wenzhou,27.9994,120.6668,23.43,89,100,0.89,CN,1681873205
551,loches,47.1333,1.0,8.19,96,6,3.61,FR,1681873245
552,tubarjal,30.4999,38.216,21.04,50,0,2.06,SA,1681873246
553,williamsburg,37.2707,-76.7075,17.86,65,0,2.57,US,1681873246
554,nizhnyaya tavda,57.6731,66.1725,-2.27,53,10,2.12,RU,1681873247
555,saint croix,17.7397,-64.7388,23.86,81,6,2.24,VI,1681873247
556,naryn,41.4287,75.9911,2.17,53,15,1.54,KG,1681873247
557,melekeok village,7.4957,134.6367,30.31,74,75,5.14,PW,1681873248
558,olyokminsk,60.3736,120.4264,0.47,54,72,1.82,RU,1681873248
559,campoverde,-8.4753,-74.8058,27.83,84,100,0.96,PE,1681873248
560,juquitiba,-23.9317,-47.0683,19.49,99,100,1.26,BR,1681873248
561,leua,48.2156,18.6071,7.09,82,74,1.85,SK,1681873249
562,ulsteinvik,62.3432,5.8487,7.4,80,100,0.89,NO,1681873249
563,kavaratti,10.5669,72.642,28.64,69,8,2.23,IN,1681873250
564,baro,8.6,6.4167,26.18,75,100,1.19,NG,1681873250
565,kiunga,-6.1219,141.2906,23.65,94,100,0.95,PG,1681873250
566,moog,8.6011,124.4658,27.44,75,70,0.6,PH,1681873251
567,salinas,36.6777,-121.6555,12.2,69,0,4.63,US,1681873049
568,waiuku,-37.25,174.75,22.81,66,50,3.8,NZ,1681873251
569,reggane,26.7158,0.1714,25.5,11,0,3.85,DZ,1681873252
570,rudbar,30.15,62.6,14.4,25,2,5.8,AF,1681873253
571,palmer,42.1584,-72.3287,8.81,60,100,3.09,US,1681873253
572,swift current,50.2834,-107.8014,2.45,80,100,7.2,CA,1681873253
573,tsiombe,-25.3,45.4833,22.18,85,0,5.34,MG,1681873253
574,machico,32.7,-16.7667,18.35,76,20,7.2,PT,1681873254
575,hailar,49.2,119.7,8.06,22,100,5.2,CN,1681873254
576,pahrump,36.2083,-115.9839,17.36,22,100,5.36,US,1681873217
577,taytay,14.5678,121.1394,33.92,64,20,4.12,PH,1681873254
578,deqen,29.9618,90.7188,9.07,36,74,1.43,CN,1681873255
579,skovorodino,53.9833,123.9167,3.5,46,11,2.03,RU,1681873256
580,gargalianoi,37.0667,21.6333,10.75,75,50,5.33,GR,1681873256
581,fauske,67.2588,15.3918,5.43,93,100,3.55,NO,1681873257
582,qiziltepa,40.0331,64.85,8.53,39,69,8.16,UZ,1681873257
583,tando bago,24.7886,68.9661,28.63,46,58,5.76,PK,1681873257
584,laguna,38.421,-121.4238,14.1,41,0,5.66,US,1681873236
585,amarante do maranhao,-5.5667,-46.7422,22.14,97,100,0.63,BR,1681873258
586,nouadhibou,20.931,-17.0347,18.99,88,2,4.12,MR,1681873258
587,copala,16.65,-98.9833,25.72,75,14,0.55,MX,1681873259
588,banjar,-8.19,114.9675,27.93,69,9,1.33,ID,1681873259
589,kuruman,-27.4524,23.4325,13.96,34,0,4.24,ZA,1681873259
